Vendedor,ID_vendedor
Adriana Carneiro,1
Adriana Passos,2
Adriane Chagas,3
Adriane Gomes,4
Adrielle Forte,5
Adrielle Gabriel,6
Adrielle Vieira,7
Alessandra Martins,8
Alex Fernandes,9
Alexandre Dantas,10
Alexandre Rodriguez,11
Aline Andrade,12
Aline Mello,13
Aline Morais,14
Allan Candido,15
Allan Guedes,16
Alon Guedes,17
Alon Palmeira,18
Alon Pestana,19
Alvaro Kranz,20
Amanda Amaral,21
Amanda Braga,22
Amanda Delgado,23
Amanda Felippe,24
Amanda Gontijo,25
Amanda Machado,26
Amanda Procaci,27
Amanda Roberto,28
Ana Almeida,29
Ana Bôas,30
Ana Campos,31
Ana Carvalho,32
Ana Felippe,33
Ana Fioretti,34
Ana Gomes,35
Ana Gonzaga,36
Ana Júnior,37
Ana Leite,38
Ana Michetti,39
Ana Miura,40
Ana Monte,41
Ana Silva,42
Ana Soledade,43
Ananda Dias,44
Anderson Barreto,45
Anderson Cavalcanti,46
Anderson Martins,47
Andre Nóbrega,48
Andre Sampaio,49
Andressa Chou,50
Andressa Nóbrega,51
Andressa Rotsztejn,52
Andreza Ramos,53
André Alves,54
Anna Figueiredo,55
Anna Maia,56
Anna Silva,57
Antonio Bernhardt,58
Antonio Manhães,59
Antônio Oliveira,60
Antônio Soares,61
Anízio Carvalho,62
Arthur Fernandes,63
Arthur Pereira,64
Arthur Portela,65
Arthur Rocha,66
Arthur Souza,67
Audir Franco,68
Barbara Procaci,69
Beatriz Almeida,70
Beatriz Biase,71
Beatriz Cavalcanti,72
Beatriz Li,73
Beatriz Perdomo,74
Beatriz Rocha,75
Beatriz Rodrigues,76
Beatriz Santos,77
Beatriz Silva,78
Bernard Pedrosa,79
Bernardo Borges,80
Bernardo Botelho,81
Bernardo Nauenberg,82
Bernardo Ribeiro,83
Bernardo Souza,84
Bianca Allevato,85
Bianca Ferezin,86
Bianca Paz,87
Bianca Piero,88
Bianca Procaci,89
Bianca Tatsch,90
Brenno Miranda,91
Brenno Santos,92
Breno Britto,93
Breno Caputo,94
Breno Costa,95
Breno Farias,96
Breno Godoy,97
Breno Quinto,98
Breno Varella,99
Bruna Brandao,100
Bruna Chein,101
Bruna Franco,102
Bruna Gomes,103
Bruna Londero,104
Bruna Ramos,105
Bruna Rosa,106
Bruna Silva,107
Bruna Silveira,108
Bruna Soares,109
Bruno Barcessat,110
Bruno Ferreira,111
Bruno Freitas,112
Bruno Mota,113
Bruno Oliveira,114
Bruno Salomão,115
Bruno Silva,116
Bruno Souza,117
Bruno Temporal,118
Bruno Ursulino,119
Bruno Velucci,120
Bárbara Cavalcante,121
Bárbara Lima,122
Caio Affonso,123
Caio Caldas,124
Caio Cardoso,125
Caio Fernandes,126
Caio Ferreira,127
Caio Moraes,128
Caio Moura,129
Caio Silva,130
Caio Vianna,131
Camila Bastazini,132
Camila Sobral,133
Camilla Cardeman,134
Camilla Guimarães,135
Camilla Vieira,136
Camille Silva,137
Carla Zakhm,138
Carlos Araujo,139
Carlos Assis,140
Carlos Azevedo,141
Carlos Barbosa,142
Carlos Cardoso,143
Carlos Galvão,144
Carlos Melo,145
Carlos Mesquita,146
Carlos Portela,147
Carlos Silva,148
Carlos Souza,149
Carolina Abrahão,150
Carolina Alfradique,151
Carolina Bernardes,152
Carolina Brum,153
Carolina Carneiro,154
Carolina Costa,155
Carolina Figueiredo,156
Carolina Motta,157
Carolina Rachide,158
Carolina Rocha,159
Carolina Santos,160
Carolina Silva,161
Carolina Siqueira,162
Carolina Vasconcelos,163
Caroline Aquino,164
Caroline Cavalcanti,165
Caroline Delgado,166
Caroline Pinto,167
Caroll Johnson,168
Cassio Faria,169
Catarina Teixeira,170
Chan Santos,171
Clara Bruno,172
Clara Silveira,173
Clarissa Santos,174
Cláudio Aragão,175
Célio Xavier,176
Cézar Santos,177
Cícero Lima,178
Cícero Ramos,179
Dandara Reis,180
Daniel Alcoforado,181
Daniel Araujo,182
Daniel Cardoso,183
Daniel Costa,184
Daniel Felippe,185
Daniel Monteiro,186
Daniel Nauenberg,187
Daniel Ortiz,188
Daniel Sousa,189
Daniel Terra,190
Daniel Valente,191
Daniela Andrada,192
Daniela Pereira,193
Daniela Rosa,194
Danilo Alves,195
Danilo Mendonça,196
Danilo Rubim,197
David Assumpção,198
David Campelo,199
David Vasconcelos,200
Debora Silva,201
Desirée Heimlich,202
Deysiane Bach,203
Deysiane Medronho,204
Diego Barros,205
Diego Marchesi,206
Diego Mello,207
Diego Rodrigues,208
Diogo Peixoto,209
Diogo Ressurreição,210
Douglas Rodrigues,211
Dykson Silva,212
Débora Lopes,213
Eduardo Ferreira,214
Eduardo Lopes,215
Eduardo Nunes,216
Eduardo Pacheco,217
Eduardo Peluzo,218
Eduardo Quindeler,219
Eduardo Silva,220
Eduardo Soares,221
Eduardo Vargas,222
Eduardo Veiga,223
Elaine Santos,224
Elena Barreto,225
Eric Carvalho,226
Eric Neves,227
Erick Soares,228
Fabio Boccaletti,229
Fabio Ramos,230
Fabio Sepúlveda,231
Felipe Cavalcanti,232
Felipe Freitas,233
Felipe Jorge,234
Felipe Júnior,235
Felipe Mello,236
Felipe Mendonça,237
Felipe Paulo,238
Fernanda Bhering,239
Fernanda Coutinho,240
Fernanda Ferreira,241
Fernanda Figueiredo,242
Fernanda Junior,243
Fernanda Rubim,244
Fernanda Silva,245
Filipe Barros,246
Fillipe Almeida,247
Gabriel Almeida,248
Gabriel Assis,249
Gabriel Azevedo,250
Gabriel Brito,251
Gabriel Garcia,252
Gabriel Pereira,253
Gabriel Puntel,254
Gabriel Ribeiro,255
Gabriel Rocha,256
Gabriel Rubim,257
Gabriel Silva,258
Gabriel Soares,259
Gabriel Thome,260
Gabriel Thoni,261
Gabriela Aliani,262
Gabriela Cavalcanti,263
Gabriela Mello,264
Gabriella Sagrillo,265
Gabrielle Costa,266
Gabrielle Figueiredo,267
Gabrielle Porto,268
Gabrielle Silva,269
Gabrielle Vasconcelos,270
Gabrielle Viríssimo,271
Gabrielle Wanderley,272
Giovana Vilela,273
Giovanna Santos,274
Giselia Thiele,275
Giulia Lopes,276
Giulia Pessanha,277
Giuseppe Bhering,278
Giuseppe Borges,279
Glenda Santos,280
Guido Monteiro,281
Guilherme Assis,282
Guilherme Barbosa,283
Guilherme Castilho,284
Guilherme Jordao,285
Guilherme Lima,286
Guilherme Marchesi,287
Guilherme Merotto,288
Guilherme Monteiro,289
Guilherme Rachide,290
Guilherme Santos,291
Guilherme Seixas,292
Guilherme Vianna,293
Gustavo Accardo,294
Gustavo Aragão,295
Gustavo Azevedo,296
Gustavo Erthal,297
Gustavo Gomes,298
Gustavo Guimarães,299
Gustavo Junior,300
Gustavo Thome,301
Hanna Fonseca,302
Helena Chafin,303
Helvio Pedrosa,304
Henrique Lencastre,305
Henrique Oliveira,306
Henrique Silva,307
Henrique Villanova,308
Hiaiune Valim,309
Hygor Essaber,310
Hércules Júnior,311
Hércules Moreira,312
Ian Almeida,313
Igor Azevedo,314
Igor Lima,315
Isabel Lacerda,316
Isabel Leite,317
Isabel Mesquita,318
Isabela Chagas,319
Isabela Resende,320
Isabela Rodrigues,321
Isabela Teixeira,322
Isabella Montanholi,323
Isabella Rodrigues,324
Isabella Santos,325
Isabella Scalabrin,326
Isabelle Firmino,327
Isabelle Gonçalves,328
Itai Puntel,329
Iuri Barbosa,330
Iuri Neto,331
Ives Barbosa,332
Ives Teixeira,333
Izabel Lopes,334
Izabel Miura,335
Jackson Derossi,336
Jeferson Costa,337
Jeferson Sone,338
Jessica Cordovil,339
Jessica Ferreira,340
Joao Pereira,341
Joao Silva,342
Jonas Gomes,343
Jonatas Essaber,344
Jonatas Passos,345
Jorge Carvalho,346
Jorge Fonseca,347
José Carvalho,348
José Fonseca,349
José Jesus,350
José Marques,351
José Seixas,352
José Vieira,353
Joyce Medina,354
Joyce Souza,355
João Abraçado,356
João Aires,357
João Alves,358
João Araujo,359
João Bach,360
João Capitulo,361
João Castilho,362
João Costa,363
João Fonseca,364
João Guadagnino,365
João Junior,366
João Júnior,367
João Luz,368
João Matheus,369
João Menezes,370
João Monteiro,371
João Oliveira,372
João Pedrazza,373
João Peçanha,374
João Ribeiro,375
João Rodrigues,376
João Silva,377
João Siqueira,378
João Tabet,379
Juan Barbosa,380
Juan Fernandes,381
Julia Aliani,382
Julia Figueiredo,383
Julia Leig,384
Julia Leite,385
Julia Penteado,386
Julia Silva,387
Julia Teixeira,388
Juliana Barreira,389
Juliana Correa,390
Juliana Goes,391
Juliana Guimarães,392
Juliana Hollander,393
Juliana Huon,394
Juliana Mesquita,395
Juliana Pacheco,396
Juliana Silva,397
Juliana Souza,398
Julie Ferreira,399
Jéssica Netto,400
Jéssica Resinente,401
Jéssica Stefanelli,402
Jéssica Teixeira,403
Jônatas Castro,404
Jônatas Soares,405
Jônatas Tanaka,406
Júlia Almeida,407
Júlio Fraga,408
Júlio Freire,409
Karina Camara,410
Karine Barros,411
Katharina Barros,412
Khaio Mesquita,413
Kim Ferreira,414
Kimberly Sad,415
Lais Candido,416
Lara Moreira,417
Larissa Cruz,418
Larissa Florim,419
Larissa Jesus,420
Larissa Vasconcellos,421
Laura Araujo,422
Laís Oliveira,423
Leandro Ferreira,424
Leandro Melo,425
Leandro Rodrigues,426
Lenon Fernandes,427
Leonardo Faria,428
Leonardo Ferreira,429
Leticia Mesquita,430
Letícia Araujo,431
Letícia Leal,432
Letícia Rodrigues,433
Livia Codeceira,434
Livia Corrêa,435
Livia Cozendey,436
Lorena Carvalho,437
Lorena Kohn,438
Luana Santana,439
Luana Santos,440
Lucas Almeida,441
Lucas Aragão,442
Lucas Araújo,443
Lucas Assunção,444
Lucas Baptista,445
Lucas Cavalcanti,446
Lucas Chagas,447
Lucas Coelho,448
Lucas Costa,449
Lucas Destri,450
Lucas Fontoura,451
Lucas Freire,452
Lucas Freitas,453
Lucas Junior,454
Lucas Lacerda,455
Lucas Lemos,456
Lucas Lima,457
Lucas Machado,458
Lucas Monte,459
Lucas Neto,460
Lucas Reis,461
Lucas Rocha,462
Lucas Rodrigues,463
Lucas Valim,464
Lucas Villanova,465
Lucas Wanderley,466
Luis Garcia,467
Luis Oliveira,468
Luis Silva,469
Luis Souza,470
Luis Villanova,471
Luiz Almeida,472
Luiz Campista,473
Luiz Conceição,474
Luiz Freire,475
Luiz Limp,476
Luiz Marinho,477
Luiz Mendonça,478
Luiz Xavier,479
Luiza Cabral,480
Luiza Cavalcanti,481
Luiza Farias,482
Luiza Johnson,483
Luiza Marques,484
Luiza Procaci,485
Luiza Ribeiro,486
Lunna Vannier,487
Luã Sá,488
Luísa Fonseca,489
Luíza Garcia,490
Luíza Goulart,491
Luíza Melo,492
Lázaro Nascimento,493
Lázaro Villanova,494
Lívia Marques,495
Lívia Tanaka,496
Manuela Ferreira,497
Manuela Merege,498
Marcela Gasperi,499
Marcela Medeiros,500
Marcelo Borges,501
Marcelo Guadagnino,502
Marcelo Magalhães,503
Marcelo Pereira,504
Marcelo Rosa,505
Marcos Nucci,506
Maria Cardoso,507
Maria Correa,508
Maria Costa,509
Maria Gasperi,510
Maria Junior,511
Maria Mello,512
Maria Moita,513
Maria Motta,514
Mariana Baptista,515
Mariana Barrozo,516
Mariana Freire,517
Mariana Miranda,518
Mariana Sousa,519
Mariane Ferreira,520
Mariane Racy,521
Marianna Pestana,522
Marina Aragão,523
Marina Cormack,524
Marina Correa,525
Marina Delgado,526
Marina Gama,527
Marina Marins,528
Marina Mesquita,529
Marina Miranda,530
Marina Perdomo,531
Mateus Franco,532
Mateus Maia,533
Mateus Polastri,534
Matheus Afonso,535
Matheus Delgado,536
Matheus Figueiredo,537
Matheus Gomes,538
Matheus Miranda,539
Matheus Moraes,540
Matheus Ramos,541
Matheus Santos,542
Matheus Sapir,543
Matheus Silva,544
Matheus Souza,545
Matheus Tostes,546
Maurício Dias,547
Mayara Soares,548
Melissa Nucci,549
Michelle Figueiredo,550
Michelle Miura,551
Michelle Pereira,552
Miguel Carneiro,553
Milena Alcoforado,554
Milena Almeida,555
Milena Pereira,556
Monique Vasconcelos,557
Morgana Correa,558
Myllena Carneiro,559
Myllena Corrêa,560
Mônica Rotolo,561
Natali Rangel,562
Natalia Accioly,563
Natalia Andrade,564
Natalia Guedes,565
Natalia Marinho,566
Nathalia Ventura,567
Nathan Cunha,568
Nathan Morelli,569
Natália Appel,570
Nicolas Monteiro,571
Nina Magalhães,572
Norman Jimbo,573
Paloma Sperandei,574
Paola Abreu,575
Patrick Silva,576
Patrícia Amaral,577
Patrícia Fernandes,578
Patrícia Ferreira,579
Paula Calbucci,580
Paula Carneiro,581
Paula Cavalcanti,582
Paula Isbelle,583
Paulo Campos,584
Pedro Ayres,585
Pedro Bitencourt,586
Pedro Buraco,587
Pedro Cardoso,588
Pedro Conceição,589
Pedro Costa,590
Pedro Dalforne,591
Pedro Delgado,592
Pedro Ferrari,593
Pedro Jorge,594
Pedro Lyra,595
Pedro Macckione,596
Pedro Martins,597
Pedro Oliveira,598
Pedro Pereira,599
Pedro Rodrigues,600
Pedro Ronfini,601
Pedro Santana,602
Pedro Santos,603
Pedro Sena,604
Pedro Xavier,605
Philipe Morete,606
Platini Heimlich,607
Priscila Carvalho,608
Priscila Garcia,609
Priscila Suzano,610
Priscila Vogel,611
Rachel Restum,612
Rachel Silva,613
Rafael Carneiro,614
Rafael Guimarães,615
Rafael Portela,616
Rafael Ramos,617
Rafael Rocha,618
Rafael Wajnsztok,619
Rafaela Feio,620
Rafaela Ferreira,621
Rafaela Gomes,622
Rafaela Gonçalves,623
Rafaela Rodrigues,624
Rafaella Mello,625
Raissa Maia,626
Raissa Negrelli,627
Raissa Pinheiro,628
Raissa Sales,629
Ramon Araujo,630
Raphael Coelho,631
Raphael Ferman,632
Raphael Filho,633
Raphael Guedes,634
Raphael Kurtz,635
Raphael Machado,636
Raphael Mattos,637
Raphael Rezende,638
Raul Junqueira,639
Raul Silveira,640
Ravena Bhering,641
Raísa Berto,642
Raísa Rodrigues,643
Raíssa Nimer,644
Raíssa Oliveira,645
Raíssa Oros,646
Raíza Lopes,647
Rebeca Manhães,648
Rebeca Reis,649
Rebeca Taylor,650
Renan Cunha,651
Renan Freire,652
Renan Melo,653
Renan Nascimento,654
Renan Nucci,655
Renan Ventura,656
Rilson Dias,657
Rilson Guedes,658
Roberta Nogueira,659
Roberta Pimenta,660
Roberta Teixeira,661
Roberto Mattos,662
Roberto Nogueira,663
Roberto Tiradentes,664
Rodrigo Alves,665
Rodrigo Bruno,666
Rodrigo Feijo,667
Rodrigo Mendes,668
Rodrigo Ramos,669
Rodrigo Silva,670
Rodrigo Souza,671
Roger Rosa,672
Rogério Gentile,673
Rogério Pereira,674
Rojane Lima,675
Ruan Gonçalves,676
Ruan Lopes,677
Rubens Netto,678
Samara Pinto,679
Sandy Figueiredo,680
Sandy Moreira,681
Sandy Ribeiro,682
Sarah Souza,683
Silvio Fahrnholz,684
Silvio Provenzano,685
Stefan Nunes,686
Stefan Santos,687
Stela Mendonça,688
Stephanie Gonçalves,689
Stephanie Novak,690
Stephanie Oliveira,691
Sthefeson Barroso,692
Sthefeson Kohn,693
Sthefeson Pereira,694
Sylvio Bernhardt,695
Tadeu Nakayama,696
Tadeu Sousa,697
Tainah Nogueira,698
Tayla Lima,699
Thainá Binello,700
Thais Rodrigues,701
Thales Andrade,702
Thales Fanara,703
Thales Gouvêa,704
Thales Portillo,705
Thales Santos,706
Thayane Resende,707
Thayna Martins,708
Thays Castro,709
Thaís Moura,710
Thaís Pereira,711
Thaís Ribeiro,712
Thiago Costa,713
Thiago Lima,714
Thiago Miura,715
Thiago Nóbrega,716
Thiago Veiga,717
Thiago Veloso,718
Thomaz Ferreira,719
Thomáz Bôas,720
Thomáz Rodriguez,721
Thomáz Vannier,722
Tiago Pereira,723
Ulisses Arruda,724
Ulisses Filho,725
Ulisses Quinto,726
Vanessa Bach,727
Vanessa Neves,728
Vanessa Rodrigues,729
Victor Corrêa,730
Victor Ferreira,731
Victor Firmino,732
Victor Franco,733
Victor Gomes,734
Victor Lira,735
Victor Magalhães,736
Victor Oliveira,737
Victor Soares,738
Victor Zakhm,739
Victoria Mazza,740
Victoria Tavares,741
Vinícius Antunes,742
Vitor Arruda,743
Vitor Boccaletti,744
Vitor Campos,745
Vittorio Freitas,746
Viviane Cunha,747
Viviane Souza,748
Vivianne Rodrigues,749
Wellington Duarte,750
Wen Braga,751
Wen Santos,752
Wendela Mariz,753
Wendela Veloso,754
William Mendonça,755
Willian Albino,756
Wilson Brandão,757
Wilson Farias,758
Wilson Meirelles,759
Wilson Miranda,760
Wilson Vianna,761
Yasmim Bittencourt,762
Yasmim Verly,763
Yasser Calbucci,764
Ylana Teraoka,765